    ,大気環境月報　　,平成27年1月
    ,測定場所,(107),品川区豊町                   ,項目, (2),オキシダント          ,単位,   ppb
    ,  1時,  2時,  3時,  4時,  5時,  6時,  7時,  8時,  9時, 10時, 11時, 12時, 13時, 14時, 15時, 16時, 17時, 18時, 19時, 20時, 21時, 22時, 23時, 24時, 平均, 最高, 最低, 回数, 合計
 1日,   38,   38,   35,   36,   36,   35,   34,   33,   33,   35,   35,   36,   37,   37,   37,   33,   35,   34,   34,   32,   28,   28,   28,   28,   34,   38,   28,   24,  815
 2日,   25,   28,   29,   28,   20,   10,   13,   12,   11,   13,   18,   24,   32,   32,   26,   33,   33,   25,   18,   13,    7,   16,    8,   12,   20,   33,    7,   24,  486
 3日,   23,   25,   27,   27,   26,   19,   14,   15,   24,   31,   34,   35,   36,   38,   37,   34,   31,   21,    9,    8,   22,   21,   18,   10,   24,   38,    8,   24,  585
 4日,*****,    8,    9,    3,    5,    2,   10,    6,    5,    9,   13,   19,   24,   30,   28,   27,   15,    2,    2,    2,    3,    2,    2,    2,   10,   30,    2,   23,  228
 5日,    1,    1,    1,    1,    1,    1,    3,    6,   17,   25,   29,   35,   40,   41,   39,   36,   20,   11,    2,    2,    2,    2,    3,    4,   13,   41,    1,   24,  323
 6日,   16,   13,   23,   32,   35,   36,   36,   35,   36,   35,   38,   41,   42,   42,   40,   39,   37,   23,   18,   30,   32,   34,   35,   35,   33,   42,   13,   24,  783
 7日,   34,   34,   34,   34,   32,   30,   28,   26,   27,*****,*****,*****,*****,*****,*****,*****,*****,*****,*****,*****,*****,*****,*****,*****,   31,   34,   26,    9,  279
 8日,*****,*****,*****,*****,*****,*****,*****,*****,*****,*****,*****,*****,*****,*****,*****,*****,*****,*****,*****,*****,*****,*****,*****,*****,     ,     ,     ,    0,     
 9日,*****,*****,*****,*****,*****,*****,*****,*****,*****,*****,*****,*****,*****,*****,*****,*****,   28,   28,   26,   25,   26,   24,   25,   26,   26,   28,   24,    8,  208
10日,*****,   23,   25,   26,   17,   19,   20,   12,   25,   28,   31,   34,   36,   36,   36,   35,   32,   28,   17,   21,   24,   26,   24,   25,   26,   36,   12,   23,  600
11日,   26,   26,   26,   24,   15,    6,    7,   12,   19,   26,   30,   31,   28,   33,   39,   40,   38,   36,   34,   34,   30,   20,   30,   34,   27,   40,    6,   24,  644
12日,   33,   33,   32,   31,   31,   30,   27,   27,   30,   34,   35,   35,   36,   36,   37,   36,   34,   31,   30,   27,   24,   25,   28,   23,   31,   37,   23,   24,  745
13日,   27,   31,   31,   29,   31,   30,   16,   19,   22,   24,   26,   33,   35,   36,   35,   27,   12,   14,   24,   23,   23,   24,   25,   27,   26,   36,   12,   24,  624
14日,   26,   25,   12,    4,    1,    8,   11,    5,   10,   13,   15,   15,    8,    5,    5,    3,    2,    1,    2,    2,    1,    1,    1,    1,    7,   26,    1,   24,  177
15日,    1,    1,    1,    1,    1,    1,    1,    2,    2,    2,    2,    2,*****,    1,    1,    3,    3,    9,   17,   22,   25,   22,   21,   23,    7,   25,    1,   23,  164
16日,*****,   23,   27,   31,   35,   36,   31,   20,   13,   24,   27,   32,   34,   19,    7,    7,   10,   19,   23,   12,    7,    9,    8,    2,   20,   36,    2,   23,  456
17日,    1,    1,    6,    7,    4,    4,    1,    3,    8,   19,   29,   36,   38,   38,   37,   36,   33,   32,   31,   35,   36,   35,   35,   33,   22,   38,    1,   24,  538
18日,   31,   32,   34,   33,   34,   33,   32,   28,   31,   35,   37,   39,   38,   39,   39,   38,   36,   34,   29,   22,   18,   16,   23,   22,   31,   39,   16,   24,  753
19日,   21,   27,   24,   21,    6,    7,    5,    6,   10,*****,*****,*****,*****,   26,   25,   27,   23,   15,   21,   30,   32,   33,   30,   32,   21,   33,    5,   20,  421
20日,   32,   31,   33,   33,   31,   31,   23,   19,   22,   27,   31,   35,   38,   39,   38,   38,   35,   32,   30,   32,   33,   30,   29,   26,   31,   39,   19,   24,  748
21日,   20,   17,   23,   14,   12,   21,   12,    4,    6,    5,    6,   10,   14,    9,    6,    7,    7,    9,   11,   13,   15,   19,   16,   12,   12,   23,    4,   24,  288
22日,*****,   16,   16,   18,   19,   14,   12,    8,    4,    6,    5,    5,    5,    4,*****,    3,    2,    1,    1,    5,   10,   15,   14,   17,    9,   19,    1,   22,  200
23日,   15,   15,   12,    8,   11,    6,    1,    1,    2,    4,   26,   34,   34,   36,   36,   35,   34,   33,   33,   33,   34,   34,   34,   35,   23,   36,    1,   24,  546
24日,   36,   36,   35,   34,   33,   33,   31,   27,   24,   23,   24,   17,   18,   16,   15,   11,    9,    2,    1,    1,    2,    2,    2,    1,   18,   36,    1,   24,  433
25日,    1,    1,    1,    2,    6,    4,    6,   10,   15,   20,   24,   31,   34,   39,   41,   39,   35,   27,   27,   25,   28,   26,   23,   19,   20,   41,    1,   24,  484
26日,    7,   12,   22,   24,   25,   17,   12,   11,   11,   14,   21,   30,   17,   16,   29,   17,    5,    2,    2,    1,    1,    2,    2,    2,   13,   30,    1,   24,  302
27日,    6,    9,   11,   14,   12,   23,   21,   12,   13,   21,   28,   31,   32,   33,   31,   37,   36,   35,   36,   36,   36,   38,   38,   38,   26,   38,    6,   24,  627
28日,*****,   34,   35,   36,   36,   35,   33,   28,   29,   31,   33,   35,   35,   34,   36,   35,   34,   32,   31,   30,   30,   30,   29,   29,   33,   36,   28,   23,  750
29日,   28,   28,   31,   30,   29,   28,   23,   16,   19,   22,   26,   25,   21,*****,   16,   19,   14,   11,   15,   23,   21,   18,    8,    9,   21,   31,    8,   23,  480
30日,   13,   14,   13,   10,    4,    3,    2,    4,    5,    6,    8,    7,    9,   12,    8,    8,    9,   10,    9,   16,   13,   12,    9,    1,    9,   16,    1,   24,  205
31日,    2,    1,    1,    1,    1,    1,    1,   10,   23,   28,   31,   36,   39,   39,   39,   39,   33,   31,   31,   31,   29,   27,   26,   27,   22,   39,    1,   24,  527
平均,   19,   20,   21,   20,   19,   18,   16,   14,   17,   21,   25,   28,   29,   28,   28,   27,   23,   20,   19,   20,   20,   20,   20,   19,   21,     ,     ,     ,     
最高,   38,   38,   35,   36,   36,   36,   36,   35,   36,   35,   38,   41,   42,   42,   41,   40,   38,   36,   36,   36,   36,   38,   38,   38,     ,   42,     ,     ,     
最低,    1,    1,    1,    1,    1,    1,    1,    1,    2,    2,    2,    2,    5,    1,    1,    3,    2,    1,    1,    1,    1,    1,    1,    1,     ,     ,    1,     ,     
日数,   24,   29,   29,   29,   29,   29,   29,   29,   29,   27,   27,   27,   26,   27,   27,   28,   29,   29,   29,   29,   29,   29,   29,   29,     ,     ,     ,  677,     
合計,  463,  583,  609,  592,  549,  523,  466,  417,  496,  560,  662,  743,  760,  766,  763,  742,  675,  588,  564,  586,  592,  591,  574,  555,     ,     ,     ,     ,14419
    ,大気環境月報　　,平成27年1月
    ,測定場所,(107),品川区豊町                   ,項目, (3),一酸化窒素           ,単位,   ppb
    ,  1時,  2時,  3時,  4時,  5時,  6時,  7時,  8時,  9時, 10時, 11時, 12時, 13時, 14時, 15時, 16時, 17時, 18時, 19時, 20時, 21時, 22時, 23時, 24時, 平均, 最高, 最低, 回数, 合計
 1日,    0,    0,    0,    0,    0,    0,    0,    1,    1,    1,    1,    1,    1,    1,    0,    0,    0,    0,    0,    0,    1,    1,    0,    1,    0,    1,    0,   24,   10
 2日,*****,    0,    0,    0,    0,    1,    1,    4,   10,    9,    7,    6,    3,    5,    7,    2,    1,    1,    1,    2,    7,    2,    5,    1,    3,   10,    0,   23,   75
 3日,    1,    0,    0,    0,    0,    0,    1,    3,    3,    2,    1,    1,    1,    1,    1,    1,    1,    1,    3,    3,    1,    1,    1,    2,    1,    3,    0,   24,   29
 4日,    2,    1,    1,    3,    2,    3,    2,    7,   18,   19,   17,   12,    9,    4,    4,    2,    2,   11,   37,   63,   87,   81,   67,   61,   21,   87,    1,   24,  515
 5日,   39,   34,   40,   42,   33,   19,   18,   22,    9,    6,    5,    3,    2,    2,    2,    1,    1,    1,   32,   44,   25,   27,    8,    6,   18,   44,    1,   24,  421
 6日,    2,    1,    1,    0,    0,    0,    0,    1,    1,    1,    1,    1,    1,    0,    1,    0,    0,    1,    1,    0,    1,    0,    0,    0,    1,    2,    0,   24,   14
 7日,    0,    0,    0,    0,    0,    0,    0,    1,    2,    3,    4,    4,    3,    2,    3,    2,    1,    1,    1,    0,    1,    0,    1,    0,    1,    4,    0,   24,   29
 8日,*****,    0,    0,    0,    0,    0,    1,    3,    4,    3,    3,    3,    3,*****,*****,    2,    1,    1,    1,    1,    1,    0,    1,    0,    1,    4,    0,   21,   28
 9日,    0,    0,    0,    0,    0,    0,    1,    3,    5,    4,    4,    4,    3,    3,    3,    1,    1,    1,    0,    1,    1,    1,    1,    1,    2,    5,    0,   24,   38
10日,    1,    1,    0,    0,    1,    1,    1,    8,    5,    5,    3,    2,    1,    2,    1,    1,    1,    1,    1,    1,    1,    1,    0,    1,    2,    8,    0,   24,   40
11日,    0,    0,    0,    0,    1,    2,    1,    4,    6,    5,    3,    4,    7,    4,    1,    1,    0,    0,    0,    1,    1,    1,    1,    0,    2,    7,    0,   24,   43
12日,    0,    0,    0,    0,    0,    0,    0,    1,    2,    1,    2,    2,    1,    1,    1,    1,    1,    0,    1,    1,    1,    1,    1,    1,    1,    2,    0,   24,   19
13日,    1,    0,    0,    0,    0,    0,    2,    4,    6,    7,    7,    4,    3,    3,    3,    4,    4,    5,    1,    1,    1,    1,    1,    1,    2,    7,    0,   24,   59
14日,*****,    1,    1,    5,   30,    3,    1,   23,   21,   21,   23,   25,   57,   66,   60,   52,   46,   54,  144,  208,  141,   78,   51,   30,   50,  208,    1,   23, 1141
15日,   37,   58,   55,   27,   23,   17,   22,   28,   42,   58,   62,   50,*****,   28,   15,    6,    5,    2,    1,    1,    1,    1,    1,    1,   24,   62,    1,   23,  541
16日,    0,    0,    0,    0,    0,    0,    1,    5,   18,   10,    8,    5,    5,   19,   31,   19,    3,    3,    1,    1,    3,    1,    2,    5,    6,   31,    0,   24,  140
17日,   15,    7,    2,    1,    2,    4,   16,   25,   24,   12,    5,    3,    2,    2,    2,    1,    1,    1,    1,    0,    0,    0,    0,    0,    5,   25,    0,   24,  126
18日,    0,    0,    0,    0,    0,    0,    0,    1,    2,    2,    1,    1,    2,    2,    2,    1,    1,    0,    1,    1,    1,    1,    1,    1,    1,    2,    0,   24,   21
19日,    1,    0,    0,    0,    1,    1,    5,   18,   22,   23,   27,   21,   10,    9,    7,    4,    2,    2,    6,    1,    1,    0,    1,    0,    7,   27,    0,   24,  162
20日,*****,    0,    0,    0,    0,    0,    1,    4,    8,    7,    6,    5,    4,    3,    3,    2,    1,    1,    0,    1,    0,    1,    1,    1,    2,    8,    0,   23,   49
21日,    1,    1,    0,    1,    1,    0,    3,    8,    9,   17,   20,   14,    7,   11,   16,    9,    5,    2,    2,    1,    1,    1,    1,    1,    6,   20,    0,   24,  132
22日,    2,    1,    1,    0,    1,    1,    1,    3,   11,   13,   17,   18,   19,   16,*****,*****,   17,   27,   13,    3,    1,    1,    1,    1,    8,   27,    0,   22,  168
23日,    1,    1,    0,    1,    1,    2,   37,   74,  126,   85,   12,    3,    4,    3,    3,    2,    1,    1,    0,    1,    0,    0,    0,    0,   15,  126,    0,   24,  358
24日,    0,    0,    0,    0,    0,    0,    0,    1,    2,    3,    6,   13,   12,   10,    9,    9,    5,    6,   29,   45,   54,   51,   47,   46,   15,   54,    0,   24,  348
25日,   48,   61,   42,   17,    2,    3,    2,    6,    9,    9,    8,    5,    4,    3,    1,    1,    1,    0,    0,    1,    1,    0,    1,    1,    9,   61,    0,   24,  226
26日,*****,    1,    1,    0,    1,    1,    1,    4,    6,   15,   12,    7,   32,   28,    7,    9,   17,   48,   87,   82,   67,   55,   36,   20,   23,   87,    0,   23,  537
27日,    4,    1,    1,    1,    1,    0,    1,    4,    8,   11,    9,    8,    6,    6,    5,    1,    1,    1,    0,    0,    0,    0,    0,    0,    3,   11,    0,   24,   69
28日,    0,    0,    0,    0,    0,    0,    1,    1,    2,    4,    3,    3,    3,    2,    2,    1,    1,    0,    0,    0,    1,    1,    1,    0,    1,    4,    0,   24,   26
29日,    0,    0,    0,    0,    0,    0,    1,    5,    9,   10,    8,   10,   15,*****,    7,    4,    2,    1,    1,    0,    0,    1,    2,    2,    3,   15,    0,   23,   78
30日,    1,    1,    1,    1,    2,    3,    5,    9,   12,   12,   12,   12,   13,    8,   11,    7,    4,    2,    2,    1,    1,    1,    2,    9,    6,   13,    1,   24,  132
31日,    9,   17,   20,   23,   27,   33,   23,   10,    6,    4,    4,    2,    1,    1,    1,    1,    1,    1,    0,    1,    1,    1,    1,    1,    8,   33,    0,   24,  189
平均,    6,    6,    5,    4,    4,    3,    5,    9,   13,   12,   10,    8,    8,    8,    7,    5,    4,    6,   12,   15,   13,   10,    8,    6,    8,     ,     ,     ,     
最高,   48,   61,   55,   42,   33,   33,   37,   74,  126,   85,   62,   50,   57,   66,   60,   52,   46,   54,  144,  208,  141,   81,   67,   61,     ,  208,     ,     ,     
最低,    0,    0,    0,    0,    0,    0,    0,    1,    1,    1,    1,    1,    1,    0,    0,    0,    0,    0,    0,    0,    0,    0,    0,    0,     ,     ,    0,     ,     
日数,   26,   31,   31,   31,   31,   31,   31,   31,   31,   31,   31,   31,   30,   29,   29,   30,   31,   31,   31,   31,   31,   31,   31,   31,     ,     ,     ,  733,     
合計,  165,  187,  166,  122,  129,   94,  149,  291,  409,  382,  301,  252,  234,  245,  209,  147,  128,  176,  367,  466,  403,  311,  236,  194,     ,     ,     ,     , 5763
    ,大気環境月報　　,平成27年1月
    ,測定場所,(107),品川区豊町                   ,項目, (4),二酸化窒素           ,単位,   ppb
    ,  1時,  2時,  3時,  4時,  5時,  6時,  7時,  8時,  9時, 10時, 11時, 12時, 13時, 14時, 15時, 16時, 17時, 18時, 19時, 20時, 21時, 22時, 23時, 24時, 平均, 最高, 最低, 回数, 合計
 1日,   10,    5,    6,    5,    5,    5,    6,    6,    6,    5,    5,    5,    4,    4,    4,    7,    6,    6,    6,    7,   10,   10,   10,   10,    6,   10,    4,   24,  153
 2日,*****,   10,    8,    8,   14,   22,   18,   20,   20,   22,   20,   16,    9,   16,   24,   20,    9,   16,   24,   31,   39,   28,   37,   26,   20,   39,    8,   23,  457
 3日,   12,   11,    9,    8,    9,   14,   19,   18,   12,    6,    4,    4,    4,    3,    5,    8,   10,   19,   35,   37,   19,   18,   22,   31,   14,   37,    3,   24,  337
 4日,   34,   30,   27,   33,   27,   30,   23,   28,   31,   30,   28,   25,   21,   14,   16,   18,   30,   47,   55,   61,   64,   60,   55,   52,   35,   64,   14,   24,  839
 5日,   44,   40,   38,   37,   38,   35,   35,   35,   27,   19,   16,   11,    9,    9,   12,   17,   34,   43,   62,   64,   58,   56,   50,   49,   35,   64,    9,   24,  838
 6日,   30,   31,   20,   10,    9,    9,   11,   11,   10,   11,    9,    7,    6,    6,    7,    8,   10,   21,   27,   12,   10,    9,    9,    8,   13,   31,    6,   24,  301
 7日,    8,    7,    6,    6,    7,    9,   11,   14,   13,   16,   16,   13,   12,   12,   10,    9,   14,   13,   12,   11,   10,   11,   11,    9,   11,   16,    6,   24,  260
 8日,*****,    8,    6,    7,    8,    8,   12,   18,   14,    8,    7,    9,    8,*****,*****,   11,   14,   15,   15,   13,   12,   11,   12,   10,   11,   18,    6,   21,  226
 9日,    8,    8,    8,    7,    8,   10,   15,   17,   17,   13,    9,   10,    9,   10,   12,   10,   12,   14,   15,   16,   14,   16,   15,   13,   12,   17,    7,   24,  286
10日,   14,   15,   14,   12,   21,   19,   18,   30,   16,   13,   10,    6,    5,    5,    6,    8,   11,   14,   26,   22,   18,   14,   15,   14,   14,   30,    5,   24,  346
11日,   12,   10,   10,   11,   18,   27,   26,   24,   19,   13,   10,   11,   16,   12,    5,    4,    6,    9,   10,   10,   14,   23,   13,    7,   13,   27,    4,   24,  320
12日,    6,    6,    6,    6,    6,    6,    9,   10,    8,    4,    4,    5,    4,    5,    4,    5,    6,    8,    9,   12,   16,   14,   12,   16,    8,   16,    4,   24,  187
13日,   12,    7,    7,    9,    7,    8,   24,   21,   19,   18,   17,   10,    9,    9,   10,   22,   44,   36,   20,   20,   20,   18,   17,   16,   17,   44,    7,   24,  400
14日,*****,   15,   26,   36,   42,   31,   28,   38,   33,   30,   32,   35,   51,   58,   61,   66,   68,   68,   73,   76,   72,   65,   61,   55,   49,   76,   15,   23, 1120
15日,   55,   56,   54,   50,   48,   48,   47,   45,   47,   47,   46,   43,*****,   41,   40,   35,   34,   25,   17,   14,   12,   15,   17,   16,   37,   56,   12,   23,  852
16日,   14,   15,   14,   10,    8,    9,   15,   27,   35,   23,   21,   16,   14,   37,   51,   50,   46,   33,   25,   36,   42,   39,   38,   45,   28,   51,    8,   24,  663
17日,   49,   44,   33,   26,   29,   29,   33,   33,   31,   24,   16,   10,    9,    9,    9,    8,   10,   10,   10,    7,    5,    5,    5,    6,   19,   49,    5,   24,  450
18日,    8,    7,    5,    5,    4,    5,    7,   10,    9,    6,    5,    4,    7,    7,    7,    7,    9,   10,   14,   22,   26,   29,   20,   19,   11,   29,    4,   24,  252
19日,   18,   13,   15,   16,   31,   29,   33,   35,   32,   31,   33,   30,   23,   24,   27,   25,   30,   38,   31,   17,   14,   13,   16,   14,   25,   38,   13,   24,  588
20日,*****,   13,   12,   11,   13,   14,   22,   26,   24,   19,   16,   14,   12,   12,   13,   12,   12,   14,   15,   13,   11,   15,   15,   17,   15,   26,   11,   23,  345
21日,   23,   25,   17,   26,   27,   18,   29,   38,   37,   37,   38,   34,   29,   36,   40,   37,   36,   33,   30,   28,   26,   22,   24,   27,   30,   40,   17,   24,  717
22日,   33,   22,   21,   19,   19,   23,   27,   32,   37,   35,   35,   34,   35,   36,*****,*****,   37,   38,   36,   29,   24,   18,   20,   18,   29,   38,   18,   22,  628
23日,   21,   21,   19,   23,   20,   27,   37,   42,   48,   45,   18,   10,   11,   11,   11,   10,   11,   11,    9,    9,    8,    8,    8,    6,   19,   48,    6,   24,  444
24日,    5,    5,    5,    7,    7,    8,   10,   14,   17,   19,   19,   28,   28,   29,   31,   35,   37,   45,   49,   52,   54,   54,   53,   50,   28,   54,    5,   24,  661
25日,   48,   47,   40,   35,   29,   31,   29,   25,   20,   19,   19,   15,   14,   12,   11,   12,   16,   24,   22,   23,   19,   21,   24,   29,   24,   48,   11,   24,  584
26日,*****,   31,   17,   14,   14,   20,   27,   31,   32,   31,   28,   22,   46,   47,   27,   44,   56,   61,   63,   63,   62,   63,   59,   54,   40,   63,   14,   23,  912
27日,   38,   33,   28,   24,   26,   16,   19,   28,   28,   27,   23,   21,   20,   20,   25,   16,   15,   15,   14,   14,   12,   10,    9,    9,   20,   38,    9,   24,  490
28日,    9,   10,    8,    6,    6,    7,    9,   13,   12,   11,    9,    7,    8,    9,    9,    8,    9,   10,   10,   11,   10,   10,   11,   10,    9,   13,    6,   24,  222
29日,   10,    9,    7,    7,    8,    9,   15,   23,   21,   20,   17,   19,   26,*****,   27,   25,   31,   32,   27,   18,   20,   23,   33,   34,   20,   34,    7,   23,  461
30日,   28,   26,   27,   28,   32,   31,   32,   31,   30,   30,   30,   30,   29,   28,   31,   30,   29,   28,   28,   22,   24,   26,   29,   37,   29,   37,   22,   24,  696
31日,   33,   34,   31,   29,   29,   29,   30,   25,   18,   13,   10,    7,    5,    5,    5,    5,    8,    9,   10,    9,   11,   13,   14,   13,   16,   34,    5,   24,  395
平均,   22,   20,   18,   17,   18,   19,   22,   25,   23,   21,   18,   16,   16,   18,   19,   19,   23,   25,   26,   25,   24,   24,   24,   23,   21,     ,     ,     ,     
最高,   55,   56,   54,   50,   48,   48,   47,   45,   48,   47,   46,   43,   51,   58,   61,   66,   68,   68,   73,   76,   72,   65,   61,   55,     ,   76,     ,     ,     
最低,    5,    5,    5,    5,    4,    5,    6,    6,    6,    4,    4,    4,    4,    3,    4,    4,    6,    6,    6,    7,    5,    5,    5,    6,     ,     ,    3,     ,     
日数,   26,   31,   31,   31,   31,   31,   31,   31,   31,   31,   31,   31,   30,   29,   29,   30,   31,   31,   31,   31,   31,   31,   31,   31,     ,     ,     ,  733,     
合計,  582,  614,  544,  531,  569,  586,  676,  768,  723,  645,  570,  511,  483,  526,  540,  572,  700,  765,  799,  779,  756,  737,  734,  720,     ,     ,     ,     ,15430
    ,大気環境月報　　,平成27年1月
    ,測定場所,(107),品川区豊町                   ,項目, (5),窒素酸化物           ,単位,   ppb
    ,  1時,  2時,  3時,  4時,  5時,  6時,  7時,  8時,  9時, 10時, 11時, 12時, 13時, 14時, 15時, 16時, 17時, 18時, 19時, 20時, 21時, 22時, 23時, 24時, 平均, 最高, 最低, 回数, 合計
 1日,   10,    5,    6,    5,    5,    5,    6,    7,    7,    6,    6,    6,    5,    5,    4,    7,    6,    6,    6,    7,   11,   11,   10,   11,    7,   11,    4,   24,  163
 2日,*****,   10,    8,    8,   14,   23,   19,   24,   30,   31,   27,   22,   12,   21,   31,   22,   10,   17,   25,   33,   46,   30,   42,   27,   23,   46,    8,   23,  532
 3日,   13,   11,    9,    8,    9,   14,   20,   21,   15,    8,    5,    5,    5,    4,    6,    9,   11,   20,   38,   40,   20,   19,   23,   33,   15,   40,    4,   24,  366
 4日,   36,   31,   28,   36,   29,   33,   25,   35,   49,   49,   45,   37,   30,   18,   20,   20,   32,   58,   92,  124,  151,  141,  122,  113,   56,  151,   18,   24, 1354
 5日,   83,   74,   78,   79,   71,   54,   53,   57,   36,   25,   21,   14,   11,   11,   14,   18,   35,   44,   94,  108,   83,   83,   58,   55,   52,  108,   11,   24, 1259
 6日,   32,   32,   21,   10,    9,    9,   11,   12,   11,   12,   10,    8,    7,    6,    8,    8,   10,   22,   28,   12,   11,    9,    9,    8,   13,   32,    6,   24,  315
 7日,    8,    7,    6,    6,    7,    9,   11,   15,   15,   19,   20,   17,   15,   14,   13,   11,   15,   14,   13,   11,   11,   11,   12,    9,   12,   20,    6,   24,  289
 8日,*****,    8,    6,    7,    8,    8,   13,   21,   18,   11,   10,   12,   11,*****,*****,   13,   15,   16,   16,   14,   13,   11,   13,   10,   12,   21,    6,   21,  254
 9日,    8,    8,    8,    7,    8,   10,   16,   20,   22,   17,   13,   14,   12,   13,   15,   11,   13,   15,   15,   17,   15,   17,   16,   14,   14,   22,    7,   24,  324
10日,   15,   16,   14,   12,   22,   20,   19,   38,   21,   18,   13,    8,    6,    7,    7,    9,   12,   15,   27,   23,   19,   15,   15,   15,   16,   38,    6,   24,  386
11日,   12,   10,   10,   11,   19,   29,   27,   28,   25,   18,   13,   15,   23,   16,    6,    5,    6,    9,   10,   11,   15,   24,   14,    7,   15,   29,    5,   24,  363
12日,    6,    6,    6,    6,    6,    6,    9,   11,   10,    5,    6,    7,    5,    6,    5,    6,    7,    8,   10,   13,   17,   15,   13,   17,    9,   17,    5,   24,  206
13日,   13,    7,    7,    9,    7,    8,   26,   25,   25,   25,   24,   14,   12,   12,   13,   26,   48,   41,   21,   21,   21,   19,   18,   17,   19,   48,    7,   24,  459
14日,*****,   16,   27,   41,   72,   34,   29,   61,   54,   51,   55,   60,  108,  124,  121,  118,  114,  122,  217,  284,  213,  143,  112,   85,   98,  284,   16,   23, 2261
15日,   92,  114,  109,   77,   71,   65,   69,   73,   89,  105,  108,   93,*****,   69,   55,   41,   39,   27,   18,   15,   13,   16,   18,   17,   61,  114,   13,   23, 1393
16日,   14,   15,   14,   10,    8,    9,   16,   32,   53,   33,   29,   21,   19,   56,   82,   69,   49,   36,   26,   37,   45,   40,   40,   50,   33,   82,    8,   24,  803
17日,   64,   51,   35,   27,   31,   33,   49,   58,   55,   36,   21,   13,   11,   11,   11,    9,   11,   11,   11,    7,    5,    5,    5,    6,   24,   64,    5,   24,  576
18日,    8,    7,    5,    5,    4,    5,    7,   11,   11,    8,    6,    5,    9,    9,    9,    8,   10,   10,   15,   23,   27,   30,   21,   20,   11,   30,    4,   24,  273
19日,   19,   13,   15,   16,   32,   30,   38,   53,   54,   54,   60,   51,   33,   33,   34,   29,   32,   40,   37,   18,   15,   13,   17,   14,   31,   60,   13,   24,  750
20日,*****,   13,   12,   11,   13,   14,   23,   30,   32,   26,   22,   19,   16,   15,   16,   14,   13,   15,   15,   14,   11,   16,   16,   18,   17,   32,   11,   23,  394
21日,   24,   26,   17,   27,   28,   18,   32,   46,   46,   54,   58,   48,   36,   47,   56,   46,   41,   35,   32,   29,   27,   23,   25,   28,   35,   58,   17,   24,  849
22日,   35,   23,   22,   19,   20,   24,   28,   35,   48,   48,   52,   52,   54,   52,*****,*****,   54,   65,   49,   32,   25,   19,   21,   19,   36,   65,   19,   22,  796
23日,   22,   22,   19,   24,   21,   29,   74,  116,  174,  130,   30,   13,   15,   14,   14,   12,   12,   12,    9,   10,    8,    8,    8,    6,   33,  174,    6,   24,  802
24日,    5,    5,    5,    7,    7,    8,   10,   15,   19,   22,   25,   41,   40,   39,   40,   44,   42,   51,   78,   97,  108,  105,  100,   96,   42,  108,    5,   24, 1009
25日,   96,  108,   82,   52,   31,   34,   31,   31,   29,   28,   27,   20,   18,   15,   12,   13,   17,   24,   22,   24,   20,   21,   25,   30,   34,  108,   12,   24,  810
26日,*****,   32,   18,   14,   15,   21,   28,   35,   38,   46,   40,   29,   78,   75,   34,   53,   73,  109,  150,  145,  129,  118,   95,   74,   63,  150,   14,   23, 1449
27日,   42,   34,   29,   25,   27,   16,   20,   32,   36,   38,   32,   29,   26,   26,   30,   17,   16,   16,   14,   14,   12,   10,    9,    9,   23,   42,    9,   24,  559
28日,    9,   10,    8,    6,    6,    7,   10,   14,   14,   15,   12,   10,   11,   11,   11,    9,   10,   10,   10,   11,   11,   11,   12,   10,   10,   15,    6,   24,  248
29日,   10,    9,    7,    7,    8,    9,   16,   28,   30,   30,   25,   29,   41,*****,   34,   29,   33,   33,   28,   18,   20,   24,   35,   36,   23,   41,    7,   23,  539
30日,   29,   27,   28,   29,   34,   34,   37,   40,   42,   42,   42,   42,   42,   36,   42,   37,   33,   30,   30,   23,   25,   27,   31,   46,   35,   46,   23,   24,  828
31日,   42,   51,   51,   52,   56,   62,   53,   35,   24,   17,   14,    9,    6,    6,    6,    6,    9,   10,   10,   10,   12,   14,   15,   14,   24,   62,    6,   24,  584
平均,   29,   26,   23,   21,   23,   22,   27,   34,   37,   33,   28,   25,   24,   27,   26,   24,   27,   30,   38,   40,   37,   34,   31,   29,   29,     ,     ,     ,     
最高,   96,  114,  109,   79,   72,   65,   74,  116,  174,  130,  108,   93,  108,  124,  121,  118,  114,  122,  217,  284,  213,  143,  122,  113,     ,  284,     ,     ,     
最低,    5,    5,    5,    5,    4,    5,    6,    7,    7,    5,    5,    5,    5,    4,    4,    5,    6,    6,    6,    7,    5,    5,    5,    6,     ,     ,    4,     ,     
日数,   26,   31,   31,   31,   31,   31,   31,   31,   31,   31,   31,   31,   30,   29,   29,   30,   31,   31,   31,   31,   31,   31,   31,   31,     ,     ,     ,  733,     
合計,  747,  801,  710,  653,  698,  680,  825, 1059, 1132, 1027,  871,  763,  717,  771,  749,  719,  828,  941, 1166, 1245, 1159, 1048,  970,  914,     ,     ,     ,     ,21193
    ,大気環境月報　　,平成27年1月
    ,測定場所,(107),品川区豊町                   ,項目, (6),浮遊粒子状物質         ,単位, μg/m3
    ,  1時,  2時,  3時,  4時,  5時,  6時,  7時,  8時,  9時, 10時, 11時, 12時, 13時, 14時, 15時, 16時, 17時, 18時, 19時, 20時, 21時, 22時, 23時, 24時, 平均, 最高, 最低, 回数, 合計
 1日,   18,    5,    3,    4,    3,    4,    3,    5,    5,    5,    5,    8,    9,    8,    8,    8,   10,    8,    9,    9,   11,    8,    6,    5,    7,   18,    3,   24,  167
 2日,    7,    7,    7,    6,    6,    8,    8,    8,   10,   12,    8,    8,    4,   12,   13,   10,    8,    7,   11,   11,   14,    9,   15,   12,    9,   15,    4,   24,  221
 3日,    8,    6,    5,    3,    7,    4,    7,    4,    5,    4,    3,    5,    3,    4,    5,    6,    7,   10,   10,   12,    9,    9,    8,   13,    7,   13,    3,   24,  157
 4日,    9,   10,    8,    9,    7,    9,   10,   11,   11,   11,   12,   15,   16,   11,   13,   14,   18,   23,   26,   28,   35,   29,   25,   24,   16,   35,    7,   24,  384
 5日,   17,   16,   15,   16,   19,   19,   18,   16,   16,   16,   17,   18,   19,   21,   25,   26,   31,   27,   32,   38,   32,   33,   30,   29,   23,   38,   15,   24,  546
 6日,   22,   18,   15,   14,   14,   11,   14,   14,   14,   16,   19,   16,   20,   22,   24,   25,   22,   25,   27,    4,    4,    5,    5,    5,   16,   27,    4,   24,  375
 7日,    5,    5,    6,    3,    5,    5,    3,    5,    3,    4,    5,    6,    8,    5,    6,    4,    6,    5,    6,    6,    9,    7,    8,    7,    6,    9,    3,   24,  132
 8日,    8,    8,    9,    8,    7,    6,    5,    7,    8,    6,    4,    5,    8,*****,    9,   13,   14,   16,   14,   12,    8,    8,    9,   10,    9,   16,    4,   23,  202
 9日,    6,    6,    6,    5,    5,    4,    6,    5,    8,    6,    6,    8,    7,   10,   10,    9,    9,   10,   11,    9,    8,    8,    5,    5,    7,   11,    4,   24,  172
10日,    6,    6,    4,    4,    7,    5,    5,    6,    6,    6,    5,    7,   13,   17,    7,    5,    4,    6,    9,   13,    8,    7,   11,    9,    7,   17,    4,   24,  176
11日,   10,    4,    4,    3,    5,    9,    6,    7,    5,    5,    2,    8,    9,   11,    8,    9,   13,   17,   17,   16,   18,   20,   15,    6,    9,   20,    2,   24,  227
12日,    3,    5,    3,    5,    4,    5,    8,    5,    5,    4,    8,    8,    8,    5,    9,    6,    6,    6,    4,    5,    6,    4,    5,    5,    6,    9,    3,   24,  132
13日,    5,    5,    3,    3,    5,    6,    4,    6,    6,    6,    7,    7,    6,    6,    6,   13,   14,   18,   10,    9,   12,   11,    8,   10,    8,   18,    3,   24,  186
14日,    9,   11,   11,   12,   12,   13,   12,   15,   13,   17,   20,   21,   33,   34,   37,   40,   41,   42,   48,   55,   47,   49,   50,   50,   29,   55,    9,   24,  692
15日,   53,   56,   54,   59,   59,   60,   54,   51,   50,   50,   44,   42,*****,   43,   44,   28,   23,   18,    8,    6,    4,    8,    5,    5,   36,   60,    4,   23,  824
16日,    6,    4,    2,    5,    7,   14,   16,   17,   20,   15,   15,   15,   13,   21,   23,   22,   19,   19,   17,   17,   21,   21,   20,   20,   15,   23,    2,   24,  369
17日,   22,   22,   20,   22,   23,   25,   25,   25,   23,   20,   13,    1,    6,    5,    9,    7,    4,    8,    8,    5,    4,    6,    4,    7,   13,   25,    1,   24,  314
18日,    8,    7,    4,    7,    6,    7,    6,    4,    6,    3,    3,    1,    6,    7,    7,    9,    7,    9,    8,    8,   14,   10,    8,   10,    7,   14,    1,   24,  165
19日,    9,    9,    8,    8,   11,   14,   11,   12,   12,   11,   17,   15,   12,   12,   16,   17,   17,   19,   17,   10,    9,   10,   14,   15,   13,   19,    8,   24,  305
20日,   14,   12,   14,   15,   17,   14,   16,   19,   19,   22,   19,   18,   22,   19,   17,   16,   16,   15,   17,   14,   13,   17,   15,   15,   16,   22,   12,   24,  395
21日,   14,   17,   15,   20,   18,   14,   19,   21,   20,   24,   25,   26,   24,   27,   33,   32,   26,   29,   23,   23,   21,   22,   25,   27,   23,   33,   14,   24,  545
22日,   27,   26,   24,   20,   16,   24,   20,   19,   20,   19,   19,   16,   18,   14,*****,   13,   15,   21,   21,   14,   12,    9,   11,    9,   18,   27,    9,   23,  407
23日,    7,    8,    8,   11,    5,    8,   10,   15,   17,   16,    4,    2,    5,    5,    9,   10,    7,    7,    8,    5,    7,    7,    5,    4,    8,   17,    2,   24,  190
24日,    7,    6,    4,    5,    5,    8,    6,    6,    5,    7,    8,   13,   13,   14,   15,   16,   16,   15,   20,   24,   23,   24,   25,   22,   13,   25,    4,   24,  307
25日,   24,   25,   26,   26,   24,   23,   21,   19,   20,   18,   17,   16,   17,   17,   14,   14,   16,   17,   16,   17,   17,   18,   19,   18,   19,   26,   14,   24,  459
26日,   22,   22,   20,   16,   20,   22,   27,   25,   27,   26,   25,   22,   38,   42,   29,   39,   46,   46,   48,   42,   38,   41,   45,   47,   32,   48,   16,   24,  775
27日,   46,   46,   45,   44,   42,   31,   25,   28,   29,   25,   23,   16,   17,   18,   16,    3,    4,    4,    3,    6,    5,    6,    6,    6,   21,   46,    3,   24,  494
28日,    7,    6,    3,    3,    5,    1,    4,    6,    5,    6,    5,    4,    6,    5,    5,    6,    4,    5,    7,    7,    4,    6,    6,    5,    5,    7,    1,   24,  121
29日,    3,    6,    2,    8,    5,    6,    5,    7,    7,    8,    8,    9,   12,*****,    9,    9,    9,   17,   13,    8,   11,   10,   10,   12,    8,   17,    2,   23,  194
30日,   11,    9,    9,   11,   14,   17,   14,   16,   15,   14,   14,   19,   20,   16,   24,   23,   19,   13,   16,   13,   14,   13,   12,   15,   15,   24,    9,   24,  361
31日,   16,   19,   20,   20,   18,   20,   12,    5,    2,    4,    3,    4,    3,    1,    4,    2,    3,    4,    5,    4,    4,    7,    6,    4,    8,   20,    1,   24,  190
平均,   14,   13,   12,   13,   13,   13,   13,   13,   13,   13,   12,   12,   13,   15,   15,   15,   15,   16,   16,   15,   14,   14,   14,   14,   14,     ,     ,     ,     
最高,   53,   56,   54,   59,   59,   60,   54,   51,   50,   50,   44,   42,   38,   43,   44,   40,   46,   46,   48,   55,   47,   49,   50,   50,     ,   60,     ,     ,     
最低,    3,    4,    2,    3,    3,    1,    3,    4,    2,    3,    2,    1,    3,    1,    4,    2,    3,    4,    3,    4,    4,    4,    4,    4,     ,     ,    1,     ,     
日数,   31,   31,   31,   31,   31,   31,   31,   31,   31,   31,   31,   31,   30,   29,   30,   31,   31,   31,   31,   31,   31,   31,   31,   31,     ,     ,     ,  740,     
合計,  429,  412,  377,  395,  401,  416,  400,  409,  412,  406,  383,  379,  395,  432,  454,  454,  454,  486,  489,  450,  442,  442,  436,  431,     ,     ,     ,     ,10184
    ,大気環境月報　　,平成27年1月
    ,測定場所,(107),品川区豊町                   ,項目,(11),風向              ,      
    ,  1時,  2時,  3時,  4時,  5時,  6時,  7時,  8時,  9時, 10時, 11時, 12時, 13時, 14時, 15時, 16時, 17時, 18時, 19時, 20時, 21時, 22時, 23時, 24時, 平均, 最高, 最低, 回数, 合計
 1日,   NW,   NW,   NW,   NW,   NW,   NW,   NW,   NW,   NW,  NNW,  NNW,  NNE,  NNW,  NNW,  NNW,  NNW,   NW,  NNW,   NW,   NW,   NW,   NW,  NNW,  WSW,     ,     ,     ,   24,     
 2日,  NNW,   NW,   NW,  WNW,    W,  WNW,   NW,   SW,   SW,    W,  WSW,   SE,  SSE,   SE,   SE,  SSE,   SE,    E,    C,  NNW,   NE,  NNW,  NNW,   NW,     ,     ,     ,   24,     
 3日,   NW,   NW,  WNW,  WNW,  WNW,    W,  WSW,    W,  WNW,   NW,   NW,  NNW,  WNW,  SSW,   SW,  SSW,    S,    C,  NNW,    N,  NNW,  NNW,  WNW,  WNW,     ,     ,     ,   24,     
 4日,  WNW,    W,   NW,   NW,   NW,  NNW,    C,  WSW,    W,    C,    C,    E,  WNW,   NW,  WNW,    N,    C,    C,   NW,    S,    W,  WNW,  WNW,  WNW,     ,     ,     ,   24,     
 5日,  WNW,    W,  WNW,   NW,  NNW,  WNW,  SSW,    N,  NNW,  NNW,  NNW,   NW,  NNE,   NE,  NNW,   SE,   SE,   SE,   SE,   SE,  ESE,  SSE,   SE,    S,     ,     ,     ,   24,     
 6日,   SW,  SSE,  SSW,    S,    S,  SSW,  SSW,    S,    S,  SSW,  SSW,  SSW,  SSW,  SSW,  SSW,    S,   SW,   NW,   NW,  NNW,   NW,  NNW,   NW,  NNW,     ,     ,     ,   24,     
 7日,  NNW,  NNW,  NNW,   NW,  NNW,  NNW,   NW,   NW,   NW,   NW,  NNW,  NNW,  NNW,  NNW,  NNW,   NW,  NNW,  NNW,    N,  NNW,  NNW,    N,  NNW,  NNW,     ,     ,     ,   24,     
 8日,  NNW,  NNW,   NW,  WNW,   NW,   NW,  WNW,    W,  WNW,   NW,  WNW,   NW,  NNW,   NW,   NW,  NNW,  NNW,  NNW,  NNW,  NNW,   NW,  NNW,   NW,   NW,     ,     ,     ,   24,     
 9日,   NW,  NNW,   NW,   NW,  NNW,  NNW,   NW,   NW,   NW,   NW,   NW,   NW,   NW,  NNW,   NW,   NW,  NNW,  NNW,  NNW,   NW,  NNW,   NW,  NNW,  NNW,     ,     ,     ,   24,     
10日,  NNW,  NNW,   NW,   NW,  WNW,   NW,  NNW,   NW,  WNW,  NNW,   NW,   NW,   NW,  NNW,   NW,   NW,    N,   NE,    N,    N,  NNW,  NNW,  NNW,  NNW,     ,     ,     ,   24,     
11日,  NNW,   NW,  WNW,  WNW,  WNW,    W,  NNW,  WNW,   NW,  NNW,    W,   SE,    S,  SSE,  SSW,   SW,   SW,   SW,   SW,  WSW,  WNW,  NNW,  WNW,   NW,     ,     ,     ,   24,     
12日,  NNW,  NNW,  NNW,  NNW,  NNW,  NNW,  WNW,   NW,   NW,   NW,  NNW,  WNW,   NW,   NW,   NW,   NW,   NW,   NW,   NW,  NNW,   NW,   NW,  NNW,  WNW,     ,     ,     ,   24,     
13日,  WNW,  WNW,   NW,   NW,   NW,   NW,  NNW,  NNW,   NW,  NNW,    N,  NNW,  NNE,  NNE,   NW,   SE,  SSW,   NW,  NNW,  NNW,  NNW,  NNW,   NW,   NW,     ,     ,     ,   24,     
14日,  NNW,   NW,    W,    W,   NW,  WNW,  NNW,  WNW,  NNE,  NNW,    S,   SE,  ESE,  ESE,    S,    C,    C,    C,  ESE,    C,  NNW,  NNW,  WNW,  WNW,     ,     ,     ,   24,     
15日,  WNW,    C,  WNW,  WNW,   NW,  NNW,  NNW,  NNW,  NNW,    N,  NNW,  NNW,  NNW,  NNW,   NW,  NNW,  NNW,  NNW,   NW,  NNW,    N,  NNW,    N,    N,     ,     ,     ,   24,     
16日,  NNW,   NW,   NW,   SE,   NW,  NNW,   NW,    W,    W,  NNW,  WNW,   NW,  WSW,   SE,   SE,  ESE,   SE,  ESE,   SE,  ESE,    E,    E,   NE,    W,     ,     ,     ,   24,     
17日,  WNW,  WNW,  WNW,  WNW,  WNW,  SSW,  WSW,  WNW,   NW,   NW,  NNW,   NW,   NW,  NNW,   NW,  NNW,  NNW,   NW,   NW,   NW,  NNW,   NW,   NW,   NW,     ,     ,     ,   24,     
18日,   NW,   NW,   NW,  WNW,   NW,  NNW,   NW,   SW,  WNW,  NNW,    W,  WSW,   SW,   SW,   SW,  WNW,  NNW,  NNW,  WNW,   NW,   NW,  NNW,  NNW,    N,     ,     ,     ,   24,     
19日,  NNW,  NNW,  NNW,    W,   NW,   NW,    W,   NW,    E,    N,  NNW,    N,  SSE,    N,    N,  NNW,   NW,    N,   NW,  NNW,   NW,   NW,   NW,   NW,     ,     ,     ,   24,     
20日,  NNW,  NNW,  NNW,   NW,  NNW,   NW,   NW,   NW,   NW,   NW,   NW,   NW,  NNW,  NNW,  NNW,   NW,  NNW,   NW,  NNW,  NNW,  NNW,   NE,    N,  NNW,     ,     ,     ,   24,     
21日,    N,  NNW,  NNW,   NW,   NW,  NNW,  NNW,   NW,  NNW,  NNW,   NW,  NNW,  NNW,  NNW,  NNW,  NNW,   NW,  NNW,  NNW,   NW,  NNW,  NNW,  NNW,  WNW,     ,     ,     ,   24,     
22日,   NW,  NNW,  NNW,  NNW,  NNW,    N,  NNW,  NNW,  NNW,  NNW,  NNW,  NNW,  NNW,  NNW,  NNW,    N,   NW,   NW,  NNW,   NW,  NNW,  NNW,  NNW,   NW,     ,     ,     ,   24,     
23日,    N,    W,  NNW,    N,   SW,  WSW,    S,  WNW,  WSW,  WNW,   NW,  NNW,  NNW,  NNW,  NNW,   NW,  NNW,  NNW,  NNW,   NW,  NNW,  NNW,  NNW,  NNW,     ,     ,     ,   24,     
24日,  NNW,  NNW,   NW,   NW,   NW,   NW,   NW,   NW,    N,  NNW,   NE,    E,    E,  ESE,  ESE,  ESE,   SE,  SSE,    C,  WNW,  SSW,  WNW,  NNW,   NW,     ,     ,     ,   24,     
25日,  WNW,  WNW,   NW,  NNW,   NW,  NNW,  NNW,  NNW,  NNW,  NNW,    E,   SE,  ESE,   SE,  ESE,   SE,  ESE,   SE,    E,    E,    E,    E,    C,   NW,     ,     ,     ,   24,     
26日,  NNW,  NNW,  NNW,  NNW,  NNW,   NW,  NNW,  NNW,  NNW,    N,  NNE,  SSE,   SE,  SSE,    S,   SE,    E,    E,   NE,    C,   NW,   NW,   NW,  NNW,     ,     ,     ,   24,     
27日,  NNW,    N,  NNW,  NNW,   NW,   NW,    N,  NNW,  NNW,  NNW,   NW,  WNW,   SW,  WNW,  SSW,  NNW,  NNW,   NW,  NNW,   NW,  NNW,    N,    N,  NNW,     ,     ,     ,   24,     
28日,    N,    N,    N,  NNW,    N,  NNW,  NNW,  NNW,  NNW,  NNW,  NNW,  NNW,  NNW,  NNW,  NNW,  NNW,  NNW,  NNW,  NNW,   NW,  NNW,  NNW,  NNW,  NNW,     ,     ,     ,   24,     
29日,  NNW,  NNW,   NW,  NNW,  NNW,  NNW,  NNE,    N,  NNW,    N,   NE,    E,    E,  ESE,    E,   SE,  ESE,   SE,  ESE,  ESE,    E,    E,  ENE,  ENE,     ,     ,     ,   24,     
30日,  NNW,  NNW,  NNW,  NNW,  NNW,   NW,  NNW,   NW,   NW,  NNW,  NNW,  NNW,  NNW,   NW,  NNW,  NNW,   NW,   NW,   NW,  NNW,  NNW,  NNW,  WNW,   NW,     ,     ,     ,   24,     
31日,  SSW,   SE,    W,   SW,    C,   NW,   NW,   NW,  NNW,  NNW,   NW,   NW,   NW,   NW,  NNW,  NNW,  NNW,  NNW,  NNW,   NW,   NW,   NW,   NW,  WNW,     ,     ,     ,   24,     
風向,  NNE,   NE,  ENE,    E,  ESE,   SE,  SSE,    S,  SSW,   SW,  WSW,    W,  WNW,   NW,  NNW,    N,    C,     ,     ,     ,     ,     ,     ,     ,
頻度,    7,    8,    2,   19,   17,   28,    9,   13,   18,   16,   10,   21,   64,  197,  262,   37,   16,     ,     ,     ,     ,     ,     ,     ,
割合,  0.9,  1.1,  0.3,  2.6,  2.3,  3.8,  1.2,  1.7,  2.4,  2.2,  1.3,  2.8,  8.6, 26.5, 35.2,  5.0,  2.2,     ,     ,     ,     ,     ,     ,     ,
日数,   31,   31,   31,   31,   31,   31,   31,   31,   31,   31,   31,   31,   31,   31,   31,   31,   31,   31,   31,   31,   31,   31,   31,   31,     ,     ,     ,  744,     
合計,     ,     ,     ,     ,     ,     ,     ,     ,     ,     ,     ,     ,     ,     ,     ,     ,     ,     ,     ,     ,     ,     ,     ,     
    ,大気環境月報　　,平成27年1月
    ,測定場所,(107),品川区豊町                   ,項目,(12),風速              ,単位,0.1m/s
    ,  1時,  2時,  3時,  4時,  5時,  6時,  7時,  8時,  9時, 10時, 11時, 12時, 13時, 14時, 15時, 16時, 17時, 18時, 19時, 20時, 21時, 22時, 23時, 24時, 平均, 最高, 最低, 回数, 合計
 1日,   52,   44,   34,   29,   39,   34,   31,   33,   42,   16,   28,   27,   32,   50,   16,   15,   39,   42,   46,   29,   30,   22,   26,    4,   32,   52,    4,   24,  760
 2日,   15,   14,   18,   11,    6,    9,   12,   10,    5,    6,    6,    5,   17,   12,   17,   15,    4,   10,    1,    5,    5,   12,   26,   22,   11,   26,    1,   24,  263
 3日,   15,   16,   11,    8,   11,    8,   10,    6,   16,   28,   36,   34,   21,   14,   26,   21,    7,    0,    8,    5,   19,   12,   11,   10,   15,   36,    0,   24,  353
 4日,    9,    7,    7,    6,    9,    6,    1,    5,    7,    2,    1,    6,   10,   11,    7,    3,    2,    2,    3,    4,    6,    9,    4,    4,    5,   11,    1,   24,  131
 5日,    7,    5,    9,    3,   14,    3,    6,   13,   32,   59,   36,   30,   22,   16,   10,    5,    6,    6,    3,    7,    6,   10,    6,    9,   13,   59,    3,   24,  323
 6日,    9,    8,   10,   24,   34,   26,   44,   45,   45,   52,   44,   57,   60,   59,   43,   44,   10,   32,   33,   61,   69,   61,   53,   53,   41,   69,    8,   24,  976
 7日,   56,   50,   52,   43,   47,   47,   39,   37,   43,   33,   41,   41,   28,   13,   21,    3,   37,   36,   30,   43,   43,   46,   40,   38,   38,   56,    3,   24,  907
 8日,   44,   29,   45,   28,   35,   31,   38,   26,   40,   36,   39,   44,   43,   43,   35,   30,   43,   37,   31,   39,   39,   31,   36,   39,   37,   45,   26,   24,  881
 9日,   37,   25,   34,   34,   34,   31,   31,   32,   34,   39,   38,   37,   32,   26,   26,   32,   25,   35,   30,   25,   27,   18,   24,   23,   30,   39,   18,   24,  729
10日,   16,   21,   21,   17,   15,   25,   11,   31,   19,   43,   33,   51,   45,   51,   25,   22,    4,    3,   10,   19,   20,   32,   28,   31,   25,   51,    3,   24,  593
11日,   28,    9,    9,   16,    9,    7,    7,    8,   13,   18,   10,   18,   19,   31,   33,   36,   19,   23,   28,   30,   12,   21,   20,   35,   19,   36,    7,   24,  459
12日,   43,   40,   35,   47,   39,   31,   21,   22,   41,   52,   66,   43,   34,   48,   33,   45,   46,   36,   37,   24,   26,   31,   20,   25,   37,   66,   20,   24,  885
13日,   30,   20,   14,   17,   28,   18,   22,   25,   16,   24,   20,   23,   19,   19,   12,   17,    7,   15,   23,   19,   22,   23,   16,   17,   19,   30,    7,   24,  466
14日,   12,    4,    3,    8,   11,   10,   19,   11,   11,   16,    7,    5,   14,   10,    6,    2,    2,    1,    6,    0,    4,    9,   14,    6,    8,   19,    0,   24,  191
15日,   12,    0,    9,   12,   15,   17,   15,   18,   16,   17,   17,   25,   17,   56,   39,   43,   57,   53,   46,   60,   46,   33,   26,   26,   28,   60,    0,   24,  675
16日,   21,   30,   15,    6,   24,   26,   23,    6,    5,   25,   13,   26,    5,   16,   18,   14,   11,   24,   14,    5,   14,   16,    4,   10,   15,   30,    4,   24,  371
17日,   15,   12,   13,    3,    8,   10,    9,   16,   26,   34,   57,   44,   59,   56,   58,   44,   43,   47,   44,   39,   75,   57,   46,   29,   35,   75,    3,   24,  844
18日,   32,   42,   33,   19,   22,   20,   15,   15,   25,   29,   28,   20,   18,   21,   15,    7,   21,   31,    7,   17,   13,    9,   24,   14,   21,   42,    7,   24,  497
19日,   27,   14,    7,    9,   22,   17,    5,   17,    3,   15,   16,   13,    3,    8,   13,   19,    5,    9,   33,   46,   30,   28,   32,   29,   18,   46,    3,   24,  420
20日,   34,   21,    9,   13,   16,   28,   31,   26,   35,   32,   32,   33,   32,   32,   32,   41,   43,   41,   49,   46,   47,   20,   17,   11,   30,   49,    9,   24,  721
21日,   13,   22,   16,   22,   25,   28,   17,   15,   29,   33,   33,   23,   27,   28,   43,   19,   26,   30,   39,   34,   25,   31,   24,   20,   26,   43,   13,   24,  622
22日,   26,   22,   25,   10,   24,   16,   19,   29,   20,   11,   13,   18,   22,   10,   21,   21,   17,   29,   21,   29,   29,   14,   30,   13,   20,   30,   10,   24,  489
23日,   15,    3,   12,   13,    3,    7,    4,    6,    8,   12,   60,   35,   47,   56,   57,   66,   57,   57,   65,   59,   55,   60,   64,   51,   36,   66,    3,   24,  872
24日,   51,   56,   46,   46,   39,   34,   32,   26,   16,   30,   14,    8,   19,   14,   13,    8,    5,   10,    0,    7,    8,    6,    3,    6,   21,   56,    0,   24,  497
25日,   14,   18,   14,   25,    9,   25,   13,   19,   26,   18,   12,    7,   20,   16,    8,    8,    8,    7,   25,   26,   17,   13,    2,   11,   15,   26,    2,   24,  361
26日,   18,   18,   18,   28,   18,   23,   28,   20,    8,    5,    7,   15,   21,   17,   21,   13,   12,    5,    5,    1,   11,   17,   20,   21,   15,   28,    1,   24,  370
27日,   26,   32,   26,   27,   33,   30,   20,   28,   32,   20,   17,    8,   11,   16,   10,   31,   34,   28,   27,   43,   48,   46,   38,   32,   28,   48,    8,   24,  663
28日,   29,   21,   31,   46,   36,   35,   39,   53,   46,   53,   58,   49,   32,   45,   55,   48,   41,   43,   41,   34,   33,   22,   33,   40,   40,   58,   21,   24,  963
29日,   38,   37,   32,   39,   23,   30,   20,   23,   34,   16,   15,   13,   26,   24,   23,    7,    7,    6,   23,   15,   14,   14,    8,   15,   21,   39,    6,   24,  502
30日,    4,   12,   17,   26,   19,   26,   26,   24,   31,   28,   25,   32,   21,   26,   31,   41,   26,   35,   33,   37,   29,   23,   18,    8,   25,   41,    4,   24,  598
31日,    8,    3,    6,    5,    2,   12,   28,   30,   42,   46,   45,   47,   68,   65,   68,   54,   50,   46,   48,   45,   35,   20,   33,   44,   35,   68,    2,   24,  850
平均,   24,   21,   20,   21,   22,   22,   21,   22,   25,   27,   28,   27,   27,   29,   27,   25,   23,   25,   26,   28,   28,   25,   24,   22,   25,     ,     ,     ,     
最高,   56,   56,   52,   47,   47,   47,   44,   53,   46,   59,   66,   57,   68,   65,   68,   66,   57,   57,   65,   61,   75,   61,   64,   53,     ,   75,     ,     ,     
最低,    4,    0,    3,    3,    2,    3,    1,    5,    3,    2,    1,    5,    3,    8,    6,    2,    2,    0,    0,    0,    4,    6,    2,    4,     ,     ,    0,     ,     
日数,   31,   31,   31,   31,   31,   31,   31,   31,   31,   31,   31,   31,   31,   31,   31,   31,   31,   31,   31,   31,   31,   31,   31,   31,     ,     ,     ,  744,     
合計,  756,  655,  631,  640,  669,  670,  636,  675,  766,  848,  867,  837,  844,  909,  835,  774,  714,  779,  809,  853,  857,  766,  746,  696,     ,     ,     ,     ,18232
    ,大気環境月報　　,平成27年1月
    ,測定場所,(107),品川区豊町                   ,項目,(13),温度              ,単位,  0.1℃
    ,  1時,  2時,  3時,  4時,  5時,  6時,  7時,  8時,  9時, 10時, 11時, 12時, 13時, 14時, 15時, 16時, 17時, 18時, 19時, 20時, 21時, 22時, 23時, 24時, 平均, 最高, 最低, 回数, 合計
 1日,   60,   67,   60,   55,   53,   48,   41,   41,   58,   67,   59,   54,   43,   41,   45,   46,   42,   37,   30,   26,   23,   22,   23,   15,   44,   67,   15,   24, 1056
 2日,   17,   20,   17,   11,    0,    0,   -2,   14,   19,   34,   47,   71,   73,   77,   70,   65,   59,   46,   38,   41,   39,   44,   34,   21,   36,   77,   -2,   24,  855
 3日,   24,   21,   19,   16,   13,    7,    9,   31,   50,   71,   76,   93,  104,   95,   90,   78,   71,   60,   57,   54,   50,   44,   41,   36,   50,  104,    7,   24, 1210
 4日,   29,   29,   28,   27,   25,   22,   19,   21,   36,   44,   78,   87,  102,  103,  106,   96,   78,   70,   68,   60,   52,   50,   43,   39,   55,  106,   19,   24, 1312
 5日,   40,   29,   35,   34,   38,   31,   27,   60,   87,  101,  116,  128,  129,  130,  128,  118,  100,   98,   93,   88,   84,   83,   87,   90,   81,  130,   27,   24, 1954
 6日,   95,   95,   99,  107,  109,  117,  121,  121,  123,  133,  147,  162,  148,  143,  136,  138,  140,  112,  103,   98,   91,   81,   70,   66,  115,  162,   66,   24, 2755
 7日,   61,   57,   51,   49,   44,   45,   42,   48,   59,   61,   72,   85,   96,  102,  101,   87,   80,   71,   61,   56,   51,   47,   46,   42,   63,  102,   42,   24, 1514
 8日,   40,   46,   46,   39,   41,   45,   46,   60,   77,   95,  110,  108,  120,  117,  117,  100,   84,   75,   67,   60,   56,   54,   54,   56,   71,  120,   39,   24, 1713
 9日,   55,   55,   53,   50,   50,   47,   46,   60,   77,   92,  110,  112,  120,  122,  118,  102,   88,   83,   78,   69,   65,   62,   60,   56,   76,  122,   46,   24, 1830
10日,   49,   49,   51,   42,   38,   44,   38,   60,   80,   93,  113,  110,  116,  118,  119,  107,   88,   79,   80,   75,   70,   66,   59,   56,   75,  119,   38,   24, 1800
11日,   55,   49,   48,   42,   35,   30,   27,   59,   85,   95,  107,   97,  110,  113,  119,  111,  101,   92,   85,   80,   74,   77,   68,   62,   76,  119,   27,   24, 1821
12日,   57,   53,   49,   43,   40,   36,   32,   45,   62,   70,   78,   90,   98,  100,   99,   88,   74,   67,   61,   59,   54,   56,   51,   45,   63,  100,   32,   24, 1507
13日,   50,   48,   48,   48,   51,   48,   46,   58,   74,   92,  112,  107,  125,  121,  129,  108,   98,   89,   85,   76,   68,   65,   65,   61,   78,  129,   46,   24, 1872
14日,   58,   53,   42,   39,   41,   39,   38,   46,   68,   85,  104,  109,  110,  104,  103,  103,  103,   98,   98,   99,   99,   96,   93,   90,   80,  110,   38,   24, 1918
15日,   88,   84,   86,   82,   82,   80,   79,   78,   81,   74,   63,   61,   59,   49,   47,   43,   45,   40,   45,   53,   57,   59,   61,   67,   65,   88,   40,   24, 1563
16日,   65,   68,   64,   63,   70,   69,   66,   73,   92,  110,  130,  138,  146,  123,  114,  112,  111,  100,  101,  102,  102,   98,   91,   88,   96,  146,   63,   24, 2296
17日,   80,   74,   69,   64,   61,   50,   51,   70,   99,  116,  115,  122,  107,  110,   90,   86,   67,   56,   53,   48,   41,   38,   33,   28,   72,  122,   28,   24, 1728
18日,   21,   20,   22,   18,   20,   21,   17,   35,   61,   74,   95,  108,  104,  105,  112,  100,   84,   72,   67,   60,   57,   56,   52,   50,   60,  112,   17,   24, 1431
19日,   45,   43,   41,   30,   24,   20,   17,   28,   53,   72,   98,   97,  127,  127,  129,  120,  111,  102,   90,   81,   71,   67,   62,   58,   71,  129,   17,   24, 1713
20日,   56,   54,   52,   51,   56,   55,   53,   63,   73,   96,  108,  113,  119,  117,  114,   97,   84,   74,   67,   60,   57,   54,   52,   53,   74,  119,   51,   24, 1778
21日,   52,   45,   44,   41,   39,   40,   40,   35,   30,   22,   28,   36,   32,   33,   27,   30,   27,   28,   29,   31,   33,   39,   41,   41,   35,   52,   22,   24,  843
22日,   42,   44,   48,   50,   51,   51,   52,   52,   54,   54,   54,   53,   53,   55,   59,   60,   57,   57,   53,   52,   56,   59,   58,   60,   54,   60,   42,   24, 1284
23日,   58,   58,   56,   59,   61,   62,   58,   63,   74,   97,  122,  131,  131,  126,  110,   94,   83,   69,   64,   58,   56,   53,   50,   48,   77,  131,   48,   24, 1841
24日,   47,   47,   44,   44,   44,   44,   48,   48,   53,   61,   71,   79,   76,   75,   75,   77,   74,   74,   67,   60,   49,   50,   49,   47,   58,   79,   44,   24, 1403
25日,   48,   38,   35,   36,   35,   35,   36,   47,   61,   96,  108,  113,  113,  109,  115,  112,  104,  100,   96,   91,   90,   92,   90,   94,   79,  115,   35,   24, 1894
26日,   86,   76,   71,   68,   73,   71,   73,   77,   84,  101,  111,  121,  111,  132,  134,  124,  119,  118,  115,  120,  118,  106,   99,   95,  100,  134,   68,   24, 2403
27日,   91,   86,   82,   80,   77,   74,   75,   77,   84,  117,  137,  159,  163,  164,  161,  145,  131,  123,  116,  111,  103,   81,   71,   69,  107,  164,   69,   24, 2577
28日,   74,   76,   70,   64,   45,   50,   51,   51,   52,   70,   78,   90,   87,   81,   83,   73,   65,   55,   48,   41,   37,   32,   30,   24,   59,   90,   24,   24, 1427
29日,   22,   22,   21,   18,   18,   18,   17,   27,   45,   61,   77,   62,   77,   62,   68,   63,   65,   62,   61,   62,   59,   56,   55,   53,   48,   77,   17,   24, 1151
30日,   58,   59,   51,   33,   26,   20,   18,   17,   14,   16,   20,   17,   23,   23,   24,   27,   31,   33,   36,   42,   44,   44,   45,   45,   32,   59,   14,   24,  766
31日,   39,   30,   29,   26,   26,   30,   38,   53,   76,   85,  102,  111,  107,  103,  100,   94,   72,   58,   50,   43,   38,   32,   30,   30,   58,  111,   26,   24, 1402
平均,   54,   51,   49,   46,   45,   44,   43,   52,   66,   79,   92,   98,  101,   99,   98,   90,   82,   74,   70,   66,   63,   60,   57,   54,   68,     ,     ,     ,     
最高,   95,   95,   99,  107,  109,  117,  121,  121,  123,  133,  147,  162,  163,  164,  161,  145,  140,  123,  116,  120,  118,  106,   99,   95,     ,  164,     ,     ,     
最低,   17,   20,   17,   11,    0,    0,   -2,   14,   14,   16,   20,   17,   23,   23,   24,   27,   27,   28,   29,   26,   23,   22,   23,   15,     ,     ,   -2,     ,     
日数,   31,   31,   31,   31,   31,   31,   31,   31,   31,   31,   31,   31,   31,   31,   31,   31,   31,   31,   31,   31,   31,   31,   31,   31,     ,     ,     ,  744,     
合計, 1662, 1595, 1531, 1429, 1386, 1349, 1319, 1618, 2041, 2455, 2846, 3024, 3129, 3080, 3042, 2804, 2536, 2298, 2162, 2056, 1944, 1863, 1763, 1685,     ,     ,     ,     ,50617
    ,大気環境月報　　,平成27年1月
    ,測定場所,(107),品川区豊町                   ,項目,(14),湿度              ,単位,  0.1%
    ,  1時,  2時,  3時,  4時,  5時,  6時,  7時,  8時,  9時, 10時, 11時, 12時, 13時, 14時, 15時, 16時, 17時, 18時, 19時, 20時, 21時, 22時, 23時, 24時, 平均, 最高, 最低, 回数, 合計
 1日,  532,  469,  474,  421,  374,  360,  399,  389,  329,  283,  321,  301,  459,  374,  368,  381,  294,  301,  324,  353,  350,  315,  298,  315,  366,  532,  283,   24, 8784
 2日,  307,  290,  301,  330,  401,  427,  418,  391,  384,  345,  266,  199,  265,  223,  276,  394,  440,  509,  486,  503,  513,  326,  356,  487,  368,  513,  199,   24, 8837
 3日,  454,  499,  495,  507,  507,  526,  477,  407,  310,  248,  211,  199,  180,  177,  204,  277,  346,  403,  438,  390,  361,  395,  412,  439,  369,  526,  177,   24, 8862
 4日,  457,  469,  462,  482,  483,  513,  513,  493,  476,  418,  371,  346,  342,  324,  310,  341,  454,  485,  504,  510,  517,  524,  562,  568,  455,  568,  310,   24,10924
 5日,  579,  575,  603,  617,  584,  626,  612,  535,  461,  390,  327,  335,  286,  272,  272,  295,  417,  451,  508,  525,  604,  623,  615,  596,  488,  626,  272,   24,11708
 6日,  655,  651,  632,  614,  610,  599,  604,  582,  574,  579,  589,  531,  619,  739,  832,  884,  888,  853,  624,  456,  399,  407,  409,  392,  613,  888,  392,   24,14722
 7日,  393,  387,  373,  360,  371,  366,  366,  343,  315,  305,  286,  251,  247,  269,  258,  269,  267,  266,  291,  304,  320,  336,  341,  352,  318,  393,  247,   24, 7636
 8日,  356,  301,  274,  298,  299,  293,  299,  284,  252,  242,  238,  196,  200,  202,  207,  258,  269,  294,  322,  357,  371,  362,  341,  294,  284,  371,  196,   24, 6809
 9日,  273,  284,  293,  317,  320,  320,  317,  298,  272,  227,  205,  198,  174,  206,  202,  221,  236,  252,  272,  298,  322,  331,  319,  316,  270,  331,  174,   24, 6473
10日,  347,  328,  301,  326,  346,  311,  339,  279,  241,  208,  183,  166,  167,  156,  152,  166,  220,  255,  262,  281,  311,  331,  370,  401,  269,  401,  152,   24, 6447
11日,  415,  431,  441,  460,  494,  510,  516,  413,  349,  311,  323,  318,  392,  424,  367,  339,  357,  343,  364,  386,  404,  430,  489,  405,  403,  516,  311,   24, 9681
12日,  408,  401,  419,  435,  412,  411,  441,  348,  254,  227,  225,  241,  233,  228,  241,  253,  298,  316,  334,  346,  353,  311,  322,  356,  326,  441,  225,   24, 7813
13日,  329,  331,  339,  338,  331,  341,  370,  361,  331,  316,  298,  251,  251,  234,  236,  334,  337,  326,  335,  367,  393,  401,  393,  394,  331,  401,  234,   24, 7937
14日,  407,  427,  474,  483,  494,  469,  456,  441,  383,  346,  329,  320,  353,  402,  400,  443,  493,  560,  536,  560,  553,  464,  469,  466,  447,  560,  320,   24,10728
15日,  443,  485,  428,  404,  412,  406,  411,  393,  426,  629,  755,  813,  853,  855,  871,  874,  878,  860,  850,  853,  827,  812,  788,  688,  667,  878,  393,   24,16014
16日,  681,  642,  629,  660,  503,  482,  477,  471,  453,  357,  323,  291,  291,  364,  452,  385,  363,  496,  531,  548,  583,  622,  694,  751,  502,  751,  291,   24,12049
17日,  714,  754,  764,  783,  779,  761,  781,  636,  557,  469,  415,  369,  348,  316,  335,  284,  295,  302,  282,  280,  276,  285,  307,  330,  476,  783,  276,   24,11422
18日,  399,  387,  334,  345,  310,  314,  326,  287,  230,  210,  160,  190,  191,  197,  222,  228,  284,  304,  320,  344,  356,  363,  370,  385,  294,  399,  160,   24, 7056
19日,  391,  375,  368,  415,  442,  462,  452,  450,  377,  335,  326,  291,  250,  230,  251,  268,  296,  344,  375,  414,  439,  489,  493,  500,  376,  500,  230,   24, 9033
20日,  522,  511,  508,  495,  456,  415,  413,  388,  364,  348,  285,  277,  253,  260,  263,  270,  284,  299,  331,  348,  357,  358,  344,  338,  362,  522,  253,   24, 8687
21日,  343,  346,  359,  375,  366,  377,  402,  483,  543,  644,  564,  585,  651,  718,  777,  815,  840,  847,  852,  845,  852,  829,  781,  730,  622,  852,  343,   24,14924
22日,  734,  768,  740,  762,  749,  734,  768,  795,  798,  833,  856,  860,  870,  874,  883,  873,  876,  879,  878,  864,  869,  860,  853,  865,  827,  883,  734,   24,19841
23日,  876,  873,  884,  880,  872,  878,  881,  891,  873,  740,  408,  379,  399,  341,  327,  320,  330,  331,  330,  353,  357,  370,  380,  352,  568,  891,  320,   24,13625
24日,  346,  347,  364,  375,  378,  359,  356,  364,  368,  373,  366,  370,  372,  378,  391,  385,  368,  394,  425,  474,  474,  525,  554,  553,  402,  554,  346,   24, 9659
25日,  562,  594,  618,  579,  554,  545,  525,  512,  459,  422,  455,  407,  425,  445,  428,  403,  452,  559,  641,  641,  629,  635,  635,  612,  531,  641,  403,   24,12737
26日,  661,  736,  794,  798,  748,  661,  638,  618,  608,  564,  528,  518,  549,  559,  553,  684,  717,  741,  747,  739,  721,  755,  750,  780,  674,  798,  518,   24,16167
27日,  811,  842,  861,  871,  867,  884,  893,  889,  863,  713,  625,  544,  519,  485,  529,  417,  419,  422,  432,  400,  394,  586,  640,  621,  647,  893,  394,   24,15527
28日,  514,  484,  430,  425,  608,  524,  368,  394,  326,  279,  247,  234,  236,  233,  195,  217,  218,  263,  257,  272,  295,  323,  325,  347,  334,  608,  195,   24, 8014
29日,  344,  348,  341,  361,  352,  347,  364,  356,  315,  291,  274,  239,  297,  271,  255,  225,  280,  409,  519,  520,  536,  546,  548,  534,  370,  548,  225,   24, 8872
30日,  501,  485,  560,  740,  807,  835,  850,  848,  857,  853,  860,  865,  868,  854,  862,  859,  863,  854,  847,  834,  799,  797,  789,  798,  795,  868,  485,   24,19085
31日,  793,  821,  850,  848,  837,  851,  849,  631,  458,  381,  337,  194,  160,  164,  180,  199,  340,  374,  400,  396,  418,  456,  429,  358,  489,  851,  160,   24,11724
平均,  502,  505,  507,  519,  518,  513,  512,  483,  445,  416,  386,  364,  377,  380,  390,  405,  433,  461,  472,  476,  482,  489,  496,  494,  459,     ,     ,     ,     
最高,  876,  873,  884,  880,  872,  884,  893,  891,  873,  853,  860,  865,  870,  874,  883,  884,  888,  879,  878,  864,  869,  860,  853,  865,     ,  893,     ,     ,     
最低,  273,  284,  274,  298,  299,  293,  299,  279,  230,  208,  160,  166,  160,  156,  152,  166,  218,  252,  257,  272,  276,  285,  298,  294,     ,     ,  152,     ,     
日数,   31,   31,   31,   31,   31,   31,   31,   31,   31,   31,   31,   31,   31,   31,   31,   31,   31,   31,   31,   31,   31,   31,   31,   31,     ,     ,     ,  744,     
合計,15547,15641,15713,16104,16066,15907,15881,14970,13806,12886,11956,11278,11700,11774,12099,12561,13419,14292,14617,14761,14953,15167,15376,15323,     ,     ,     ,     ,341797
    ,大気環境月報　　,平成27年1月
    ,測定場所,(107),品川区豊町                   ,項目,(16),ＰＭ２．５           ,単位, μg/m3
    ,  1時,  2時,  3時,  4時,  5時,  6時,  7時,  8時,  9時, 10時, 11時, 12時, 13時, 14時, 15時, 16時, 17時, 18時, 19時, 20時, 21時, 22時, 23時, 24時, 平均, 最高, 最低, 回数, 合計
 1日,   11,   -2,    2,    0,    2,    2,    3,    3,    1,    4,    4,    5,    8,    5,    9,    7,    4,    7,    7,   10,    9,    5,    5,    5,  4.8,   11,   -2,   24,  116
 2日,    7,    5,    5,    6,    6,    8,    6,    6,   11,   14,   10,    6,    7,   10,   13,   16,    7,    6,    7,    9,   11,    9,   14,   16,  9.0,   16,    5,   24,  215
 3日,    7,    3,    2,    2,    2,    4,    3,    4,    1,   -1,    3,    2,    3,    5,    4,    8,    6,   10,   13,   12,    7,   11,    7,   11,  5.4,   13,   -1,   24,  129
 4日,   10,    9,    7,    8,    8,    9,    8,   10,   11,   13,   16,   15,   14,   11,   14,   18,   19,   22,   28,   32,   39,   33,   30,   26, 17.1,   39,    7,   24,  410
 5日,   20,   16,   18,   16,   18,   19,   15,   14,   13,   16,   13,   14,   18,   18,   19,   22,   27,   25,   29,   32,   31,   30,   28,   25, 20.7,   32,   13,   24,  496
 6日,   18,   18,   13,   12,   12,   12,   12,   12,   12,   17,   14,   10,   18,   20,   17,   15,   11,   11,   20,    2,   -2,    3,    5,    2, 11.8,   20,   -2,   24,  284
 7日,    1,    5,    1,   -1,    1,    1,    2,    4,    4,    3,    4,    1,    1,    7,    5,    3,    2,    3,    5,    4,    5,    5,    7,    3,  3.2,    7,   -1,   24,   76
 8日,    5,    4,    7,    6,    8,    5,    5,    6,    4,    5,    5,    5,    7,    8,*****,   17,   13,   12,   16,   10,    8,    7,    9,    8,  7.8,   17,    4,   23,  180
 9日,    6,    7,    8,    5,    3,    4,    6,    6,    6,    8,    7,    7,    8,   10,    8,   10,    8,   10,    9,   12,   10,    6,    6,    7,  7.4,   12,    3,   24,  177
10日,    6,    7,    7,    7,    8,    5,    6,    6,    6,    4,    5,    3,    6,    9,    3,    3,    6,    8,    8,    8,    7,    7,   11,    8,  6.4,   11,    3,   24,  154
11日,    6,    7,    5,    4,    8,    7,    9,    4,    5,    5,    7,    5,   14,   12,    6,    8,   14,   16,   16,   17,   14,   18,   16,    3,  9.4,   18,    3,   24,  226
12日,    2,    4,    4,    1,    5,    4,    6,    2,    6,    3,    8,    6,    5,    7,    7,    7,    5,    1,    3,    3,    8,    3,    2,    7,  4.5,    8,    1,   24,  109
13日,    1,   -1,    4,    2,    2,    2,    7,    3,    3,    5,    7,    2,    7,    5,    7,    9,   19,   16,   10,    6,    6,    7,    9,    6,  6.0,   19,   -1,   24,  144
14日,    8,    8,   11,   12,   13,   11,    9,   13,   16,   17,   17,   18,   34,   39,   38,   45,   45,   43,   46,   53,   47,   49,   51,   53, 29.0,   53,    8,   24,  696
15日,   55,   60,   53,   62,   64,   63,   55,   49,   53,   54,   52,   44,*****,   47,   44,   30,   24,   20,   10,    4,    3,    5,    7,    2, 37.4,   64,    2,   23,  860
16日,    2,    3,    3,    4,    4,    9,   11,   16,   17,   12,   14,    7,    9,   21,   21,   18,   16,   16,   12,   15,   18,   16,   19,   21, 12.7,   21,    2,   24,  304
17日,   20,   24,   22,   22,   23,   24,   24,   21,   19,   19,   10,    1,    3,    3,    5,    4,    4,    5,    3,    7,    5,    6,    2,    8, 11.8,   24,    1,   24,  284
18日,    5,    5,    2,    7,    5,    3,    1,    3,    4,    2,    0,    3,    7,    9,    5,    4,    8,   10,    7,   10,   11,    9,    7,    9,  5.7,   11,    0,   24,  136
19日,    9,    7,    8,   10,    9,   12,   10,   10,   12,   13,   20,   12,   10,   12,   15,   18,   18,   21,   15,   10,   10,   12,   12,   14, 12.5,   21,    7,   24,  299
20日,   16,   12,   14,   15,   15,   12,   15,   17,   19,   21,   21,   15,   19,   18,   21,   13,   15,   13,   16,   16,   14,   17,   13,   15, 15.9,   21,   12,   24,  382
21日,   15,   14,   13,   16,   17,   16,   22,   20,   19,   26,   24,   26,   25,   31,   43,   36,   31,   29,   27,   22,   23,   20,   26,   29, 23.8,   43,   13,   24,  570
22日,   32,   27,   25,   23,   19,   20,   22,   21,   22,   26,   22,   20,   19,   17,*****,   17,   19,   25,   27,   19,   16,   11,   11,   11, 20.5,   32,   11,   23,  471
23日,   11,   10,    9,   12,    7,    8,    9,   13,   16,   13,   -1,   -1,    4,    1,    6,    2,    5,    5,    4,    5,    2,    4,    3,    2,  6.2,   16,   -1,   24,  149
24日,    5,    5,    3,    2,    5,    5,    3,    5,    6,    5,    5,    9,   13,   15,   13,   16,   12,   15,   20,   25,   24,   29,   28,   28, 12.3,   29,    2,   24,  296
25日,   26,   27,   27,   23,   23,   23,   22,   21,   20,   20,   15,   10,   13,   16,   12,   10,   15,   19,   14,   16,   14,   19,   15,   16, 18.2,   27,   10,   24,  436
26日,   20,   25,   23,   19,   18,   21,   27,   24,   28,   27,   27,   20,   37,   41,   27,   39,   45,   46,   46,   39,   37,   44,   48,   51, 32.5,   51,   18,   24,  779
27日,   46,   47,   48,   46,   43,   37,   32,   30,   30,   26,   24,   16,   19,   15,   15,    1,    2,    1,    3,    3,    3,    7,    7,    3, 21.0,   48,    1,   24,  504
28日,    4,    5,    2,    2,    7,    4,    1,    5,    2,    5,    2,    3,    6,    6,    3,    1,    3,    4,    4,    5,    4,    6,    5,    7,  4.0,    7,    1,   24,   96
29日,    7,    5,    2,    3,    4,    5,    5,    6,    8,    9,    9,    5,   15,   12,   12,   11,   11,   14,   15,    7,    9,    8,    8,    7,  8.2,   15,    2,   24,  197
30日,    8,    6,    8,   14,   18,   21,   20,   19,   18,   18,   18,   24,   23,   21,   30,   26,   24,   17,   16,   12,   12,   16,   14,   20, 17.6,   30,    6,   24,  423
31日,   23,   26,   25,   24,   22,   22,   15,    0,    0,   -1,   -2,   -3,   -1,   -3,    1,   -1,    6,   -1,    0,    1,    2,    7,    4,    1,  7.0,   26,   -3,   24,  167
平均,   13,   13,   12,   12,   13,   13,   13,   12,   13,   13,   12,   10,   12,   14,   15,   14,   14,   14,   15,   14,   13,   14,   14,   14, 13.2,     ,     ,     ,     
最高,   55,   60,   53,   62,   64,   63,   55,   49,   53,   54,   52,   44,   37,   47,   44,   45,   45,   46,   46,   53,   47,   49,   51,   53,     ,   64,     ,     ,     
最低,    1,   -2,    1,   -1,    1,    1,    1,    0,    0,   -1,   -2,   -3,   -1,   -3,    1,   -1,    2,   -1,    0,    1,   -2,    3,    2,    1,     ,     ,   -3,     ,     
日数,   31,   31,   31,   31,   31,   31,   31,   31,   31,   31,   31,   31,   30,   31,   29,   31,   31,   31,   31,   31,   31,   31,   31,   31,     ,     ,     ,  741,     
合計,  412,  398,  381,  384,  399,  398,  391,  373,  392,  408,  380,  310,  371,  448,  423,  433,  444,  449,  456,  426,  407,  429,  429,  424,     ,     ,     ,     , 9765
